puzzle,binary,time
12PieceSeparation.xmpuzzle,baseline,0.005
12PieceSeparation.xmpuzzle,baseline,0.022
12PieceSeparation.xmpuzzle,baseline,0.006
12PieceSeparation.xmpuzzle,baseline,0.010
12PieceSeparation.xmpuzzle,baseline,0.008
12PieceSeparation.xmpuzzle,baseline,0.023
12PieceSeparation.xmpuzzle,baseline,0.005
12PieceSeparation.xmpuzzle,baseline,0.031
12PieceSeparation.xmpuzzle,baseline,0.018
12PieceSeparation.xmpuzzle,baseline,0.006
12PieceSeparation.xmpuzzle,candidate,0.006
12PieceSeparation.xmpuzzle,candidate,0.006
12PieceSeparation.xmpuzzle,candidate,0.006
12PieceSeparation.xmpuzzle,candidate,0.007
12PieceSeparation.xmpuzzle,candidate,0.007
12PieceSeparation.xmpuzzle,candidate,0.008
12PieceSeparation.xmpuzzle,candidate,0.005
12PieceSeparation.xmpuzzle,candidate,0.005
12PieceSeparation.xmpuzzle,candidate,0.005
12PieceSeparation.xmpuzzle,candidate,0.005
AlPackino.xmpuzzle,baseline,0.046
AlPackino.xmpuzzle,baseline,0.054
AlPackino.xmpuzzle,baseline,0.049
AlPackino.xmpuzzle,baseline,0.052
AlPackino.xmpuzzle,baseline,0.068
AlPackino.xmpuzzle,baseline,0.048
AlPackino.xmpuzzle,baseline,0.053
AlPackino.xmpuzzle,baseline,0.047
AlPackino.xmpuzzle,baseline,0.076
AlPackino.xmpuzzle,baseline,0.046
AlPackino.xmpuzzle,candidate,0.072
AlPackino.xmpuzzle,candidate,0.046
AlPackino.xmpuzzle,candidate,0.049
AlPackino.xmpuzzle,candidate,0.076
AlPackino.xmpuzzle,candidate,0.046
AlPackino.xmpuzzle,candidate,0.077
AlPackino.xmpuzzle,candidate,0.069
AlPackino.xmpuzzle,candidate,0.049
AlPackino.xmpuzzle,candidate,0.046
AlPackino.xmpuzzle,candidate,0.073
AugmentedSecondStellation.xmpuzzle,baseline,0.006
AugmentedSecondStellation.xmpuzzle,baseline,0.008
AugmentedSecondStellation.xmpuzzle,baseline,0.018
AugmentedSecondStellation.xmpuzzle,baseline,0.011
AugmentedSecondStellation.xmpuzzle,baseline,0.006
AugmentedSecondStellation.xmpuzzle,baseline,0.010
AugmentedSecondStellation.xmpuzzle,baseline,0.008
AugmentedSecondStellation.xmpuzzle,baseline,0.025
AugmentedSecondStellation.xmpuzzle,baseline,0.025
AugmentedSecondStellation.xmpuzzle,baseline,0.006
AugmentedSecondStellation.xmpuzzle,candidate,0.021
AugmentedSecondStellation.xmpuzzle,candidate,0.026
AugmentedSecondStellation.xmpuzzle,candidate,0.023
AugmentedSecondStellation.xmpuzzle,candidate,0.029
AugmentedSecondStellation.xmpuzzle,candidate,0.006
AugmentedSecondStellation.xmpuzzle,candidate,0.026
AugmentedSecondStellation.xmpuzzle,candidate,0.007
AugmentedSecondStellation.xmpuzzle,candidate,0.028
AugmentedSecondStellation.xmpuzzle,candidate,0.006
AugmentedSecondStellation.xmpuzzle,candidate,0.005
BallRoom.xmpuzzle,baseline,0.007
BallRoom.xmpuzzle,baseline,0.014
BallRoom.xmpuzzle,baseline,0.012
BallRoom.xmpuzzle,baseline,0.012
BallRoom.xmpuzzle,baseline,0.012
BallRoom.xmpuzzle,baseline,0.014
BallRoom.xmpuzzle,baseline,0.024
BallRoom.xmpuzzle,baseline,0.006
BallRoom.xmpuzzle,baseline,0.022
BallRoom.xmpuzzle,baseline,0.005
BallRoom.xmpuzzle,candidate,0.005
BallRoom.xmpuzzle,candidate,0.005
BallRoom.xmpuzzle,candidate,0.009
BallRoom.xmpuzzle,candidate,0.015
BallRoom.xmpuzzle,candidate,0.023
BallRoom.xmpuzzle,candidate,0.011
BallRoom.xmpuzzle,candidate,0.022
BallRoom.xmpuzzle,candidate,0.018
BallRoom.xmpuzzle,candidate,0.014
BallRoom.xmpuzzle,candidate,0.014
Bermuda.xmpuzzle,baseline,0.048
Bermuda.xmpuzzle,baseline,0.072
Bermuda.xmpuzzle,baseline,0.046
Bermuda.xmpuzzle,baseline,0.048
Bermuda.xmpuzzle,baseline,0.049
Bermuda.xmpuzzle,baseline,0.051
Bermuda.xmpuzzle,baseline,0.057
Bermuda.xmpuzzle,baseline,0.062
Bermuda.xmpuzzle,baseline,0.062
Bermuda.xmpuzzle,baseline,0.058
Bermuda.xmpuzzle,candidate,0.056
Bermuda.xmpuzzle,candidate,0.079
Bermuda.xmpuzzle,candidate,0.080
Bermuda.xmpuzzle,candidate,0.069
Bermuda.xmpuzzle,candidate,0.051
Bermuda.xmpuzzle,candidate,0.048
Bermuda.xmpuzzle,candidate,0.084
Bermuda.xmpuzzle,candidate,0.046
Bermuda.xmpuzzle,candidate,0.080
Bermuda.xmpuzzle,candidate,0.043
CubeInCage.xmpuzzle,baseline,0.031
CubeInCage.xmpuzzle,baseline,0.036
CubeInCage.xmpuzzle,baseline,0.037
CubeInCage.xmpuzzle,baseline,0.037
CubeInCage.xmpuzzle,baseline,0.020
CubeInCage.xmpuzzle,baseline,0.035
CubeInCage.xmpuzzle,baseline,0.038
CubeInCage.xmpuzzle,baseline,0.029
CubeInCage.xmpuzzle,baseline,0.028
CubeInCage.xmpuzzle,baseline,0.034
CubeInCage.xmpuzzle,candidate,0.011
CubeInCage.xmpuzzle,candidate,0.010
CubeInCage.xmpuzzle,candidate,0.031
CubeInCage.xmpuzzle,candidate,0.016
CubeInCage.xmpuzzle,candidate,0.010
CubeInCage.xmpuzzle,candidate,0.009
CubeInCage.xmpuzzle,candidate,0.018
CubeInCage.xmpuzzle,candidate,0.039
CubeInCage.xmpuzzle,candidate,0.036
CubeInCage.xmpuzzle,candidate,0.031
DemoMirrorParadox.xmpuzzle,baseline,0.009
DemoMirrorParadox.xmpuzzle,baseline,0.003
DemoMirrorParadox.xmpuzzle,baseline,0.009
DemoMirrorParadox.xmpuzzle,baseline,0.009
DemoMirrorParadox.xmpuzzle,baseline,0.009
DemoMirrorParadox.xmpuzzle,baseline,0.002
DemoMirrorParadox.xmpuzzle,baseline,0.002
DemoMirrorParadox.xmpuzzle,baseline,0.002
DemoMirrorParadox.xmpuzzle,baseline,0.009
DemoMirrorParadox.xmpuzzle,baseline,0.004
DemoMirrorParadox.xmpuzzle,candidate,0.003
DemoMirrorParadox.xmpuzzle,candidate,0.004
DemoMirrorParadox.xmpuzzle,candidate,0.007
DemoMirrorParadox.xmpuzzle,candidate,0.007
DemoMirrorParadox.xmpuzzle,candidate,0.007
DemoMirrorParadox.xmpuzzle,candidate,0.007
DemoMirrorParadox.xmpuzzle,candidate,0.007
DemoMirrorParadox.xmpuzzle,candidate,0.005
DemoMirrorParadox.xmpuzzle,candidate,0.007
DemoMirrorParadox.xmpuzzle,candidate,0.007
DemoPieceGenerator.xmpuzzle,baseline,0.005
DemoPieceGenerator.xmpuzzle,baseline,0.011
DemoPieceGenerator.xmpuzzle,baseline,0.004
DemoPieceGenerator.xmpuzzle,baseline,0.011
DemoPieceGenerator.xmpuzzle,baseline,0.004
DemoPieceGenerator.xmpuzzle,baseline,0.007
DemoPieceGenerator.xmpuzzle,baseline,0.016
DemoPieceGenerator.xmpuzzle,baseline,0.005
DemoPieceGenerator.xmpuzzle,baseline,0.007
DemoPieceGenerator.xmpuzzle,baseline,0.014
DemoPieceGenerator.xmpuzzle,candidate,0.003
DemoPieceGenerator.xmpuzzle,candidate,0.003
DemoPieceGenerator.xmpuzzle,candidate,0.004
DemoPieceGenerator.xmpuzzle,candidate,0.015
DemoPieceGenerator.xmpuzzle,candidate,0.006
DemoPieceGenerator.xmpuzzle,candidate,0.018
DemoPieceGenerator.xmpuzzle,candidate,0.012
DemoPieceGenerator.xmpuzzle,candidate,0.014
DemoPieceGenerator.xmpuzzle,candidate,0.014
DemoPieceGenerator.xmpuzzle,candidate,0.003
DiagonalCube.xmpuzzle,baseline,0.017
DiagonalCube.xmpuzzle,baseline,0.004
DiagonalCube.xmpuzzle,baseline,0.016
DiagonalCube.xmpuzzle,baseline,0.017
DiagonalCube.xmpuzzle,baseline,0.016
DiagonalCube.xmpuzzle,baseline,0.016
DiagonalCube.xmpuzzle,baseline,0.006
DiagonalCube.xmpuzzle,baseline,0.015
DiagonalCube.xmpuzzle,baseline,0.016
DiagonalCube.xmpuzzle,baseline,0.017
DiagonalCube.xmpuzzle,candidate,0.003
DiagonalCube.xmpuzzle,candidate,0.006
DiagonalCube.xmpuzzle,candidate,0.017
DiagonalCube.xmpuzzle,candidate,0.004
DiagonalCube.xmpuzzle,candidate,0.016
DiagonalCube.xmpuzzle,candidate,0.015
DiagonalCube.xmpuzzle,candidate,0.010
DiagonalCube.xmpuzzle,candidate,0.015
DiagonalCube.xmpuzzle,candidate,0.016
DiagonalCube.xmpuzzle,candidate,0.010
DraculasDentalDesaster.xmpuzzle,baseline,0.234
DraculasDentalDesaster.xmpuzzle,baseline,0.194
DraculasDentalDesaster.xmpuzzle,baseline,0.175
DraculasDentalDesaster.xmpuzzle,baseline,0.178
DraculasDentalDesaster.xmpuzzle,baseline,0.193
DraculasDentalDesaster.xmpuzzle,baseline,0.173
DraculasDentalDesaster.xmpuzzle,baseline,0.205
DraculasDentalDesaster.xmpuzzle,baseline,0.180
DraculasDentalDesaster.xmpuzzle,baseline,0.175
DraculasDentalDesaster.xmpuzzle,baseline,0.179
DraculasDentalDesaster.xmpuzzle,candidate,0.174
DraculasDentalDesaster.xmpuzzle,candidate,0.178
DraculasDentalDesaster.xmpuzzle,candidate,0.175
DraculasDentalDesaster.xmpuzzle,candidate,0.175
DraculasDentalDesaster.xmpuzzle,candidate,0.177
DraculasDentalDesaster.xmpuzzle,candidate,0.174
DraculasDentalDesaster.xmpuzzle,candidate,0.177
DraculasDentalDesaster.xmpuzzle,candidate,0.178
DraculasDentalDesaster.xmpuzzle,candidate,0.177
DraculasDentalDesaster.xmpuzzle,candidate,0.177
FourPieceTetrahedron.xmpuzzle,baseline,0.002
FourPieceTetrahedron.xmpuzzle,baseline,0.002
FourPieceTetrahedron.xmpuzzle,baseline,0.008
FourPieceTetrahedron.xmpuzzle,baseline,0.008
FourPieceTetrahedron.xmpuzzle,baseline,0.008
FourPieceTetrahedron.xmpuzzle,baseline,0.008
FourPieceTetrahedron.xmpuzzle,baseline,0.008
FourPieceTetrahedron.xmpuzzle,baseline,0.007
FourPieceTetrahedron.xmpuzzle,baseline,0.003
FourPieceTetrahedron.xmpuzzle,baseline,0.003
FourPieceTetrahedron.xmpuzzle,candidate,0.008
FourPieceTetrahedron.xmpuzzle,candidate,0.001
FourPieceTetrahedron.xmpuzzle,candidate,0.008
FourPieceTetrahedron.xmpuzzle,candidate,0.008
FourPieceTetrahedron.xmpuzzle,candidate,0.002
FourPieceTetrahedron.xmpuzzle,candidate,0.008
FourPieceTetrahedron.xmpuzzle,candidate,0.001
FourPieceTetrahedron.xmpuzzle,candidate,0.008
FourPieceTetrahedron.xmpuzzle,candidate,0.002
FourPieceTetrahedron.xmpuzzle,candidate,0.008
HexSticks.xmpuzzle,baseline,0.066
HexSticks.xmpuzzle,baseline,0.062
HexSticks.xmpuzzle,baseline,0.080
HexSticks.xmpuzzle,baseline,0.061
HexSticks.xmpuzzle,baseline,0.064
HexSticks.xmpuzzle,baseline,0.062
HexSticks.xmpuzzle,baseline,0.073
HexSticks.xmpuzzle,baseline,0.061
HexSticks.xmpuzzle,baseline,0.078
HexSticks.xmpuzzle,baseline,0.067
HexSticks.xmpuzzle,candidate,0.063
HexSticks.xmpuzzle,candidate,0.062
HexSticks.xmpuzzle,candidate,0.070
HexSticks.xmpuzzle,candidate,0.062
HexSticks.xmpuzzle,candidate,0.062
HexSticks.xmpuzzle,candidate,0.067
HexSticks.xmpuzzle,candidate,0.063
HexSticks.xmpuzzle,candidate,0.058
HexSticks.xmpuzzle,candidate,0.076
HexSticks.xmpuzzle,candidate,0.064
PelikanBurr.xmpuzzle,baseline,0.191
PelikanBurr.xmpuzzle,baseline,0.200
PelikanBurr.xmpuzzle,baseline,0.288
PelikanBurr.xmpuzzle,baseline,0.173
PelikanBurr.xmpuzzle,baseline,0.176
PelikanBurr.xmpuzzle,baseline,0.177
PelikanBurr.xmpuzzle,baseline,0.174
PelikanBurr.xmpuzzle,baseline,0.176
PelikanBurr.xmpuzzle,baseline,0.184
PelikanBurr.xmpuzzle,baseline,0.182
PelikanBurr.xmpuzzle,candidate,0.175
PelikanBurr.xmpuzzle,candidate,0.174
PelikanBurr.xmpuzzle,candidate,0.178
PelikanBurr.xmpuzzle,candidate,0.178
PelikanBurr.xmpuzzle,candidate,0.243
PelikanBurr.xmpuzzle,candidate,0.186
PelikanBurr.xmpuzzle,candidate,0.176
PelikanBurr.xmpuzzle,candidate,0.189
PelikanBurr.xmpuzzle,candidate,0.173
PelikanBurr.xmpuzzle,candidate,0.185
PermutatedThirdStellation.xmpuzzle,baseline,0.009
PermutatedThirdStellation.xmpuzzle,baseline,0.020
PermutatedThirdStellation.xmpuzzle,baseline,0.032
PermutatedThirdStellation.xmpuzzle,baseline,0.019
PermutatedThirdStellation.xmpuzzle,baseline,0.027
PermutatedThirdStellation.xmpuzzle,baseline,0.009
PermutatedThirdStellation.xmpuzzle,baseline,0.019
PermutatedThirdStellation.xmpuzzle,baseline,0.025
PermutatedThirdStellation.xmpuzzle,baseline,0.010
PermutatedThirdStellation.xmpuzzle,baseline,0.035
PermutatedThirdStellation.xmpuzzle,candidate,0.009
PermutatedThirdStellation.xmpuzzle,candidate,0.035
PermutatedThirdStellation.xmpuzzle,candidate,0.033
PermutatedThirdStellation.xmpuzzle,candidate,0.032
PermutatedThirdStellation.xmpuzzle,candidate,0.016
PermutatedThirdStellation.xmpuzzle,candidate,0.014
PermutatedThirdStellation.xmpuzzle,candidate,0.034
PermutatedThirdStellation.xmpuzzle,candidate,0.027
PermutatedThirdStellation.xmpuzzle,candidate,0.010
PermutatedThirdStellation.xmpuzzle,candidate,0.016
PiecesOfEight.xmpuzzle,baseline,0.204
PiecesOfEight.xmpuzzle,baseline,0.206
PiecesOfEight.xmpuzzle,baseline,0.247
PiecesOfEight.xmpuzzle,baseline,0.231
PiecesOfEight.xmpuzzle,baseline,0.249
PiecesOfEight.xmpuzzle,baseline,0.234
PiecesOfEight.xmpuzzle,baseline,0.228
PiecesOfEight.xmpuzzle,baseline,0.208
PiecesOfEight.xmpuzzle,baseline,0.248
PiecesOfEight.xmpuzzle,baseline,0.266
PiecesOfEight.xmpuzzle,candidate,0.158
PiecesOfEight.xmpuzzle,candidate,0.215
PiecesOfEight.xmpuzzle,candidate,0.239
PiecesOfEight.xmpuzzle,candidate,0.200
PiecesOfEight.xmpuzzle,candidate,0.166
PiecesOfEight.xmpuzzle,candidate,0.216
PiecesOfEight.xmpuzzle,candidate,0.207
PiecesOfEight.xmpuzzle,candidate,0.194
PiecesOfEight.xmpuzzle,candidate,0.177
PiecesOfEight.xmpuzzle,candidate,0.224
SolidSixPieceBurrs.xmpuzzle,baseline,0.607
SolidSixPieceBurrs.xmpuzzle,baseline,0.578
SolidSixPieceBurrs.xmpuzzle,baseline,0.576
SolidSixPieceBurrs.xmpuzzle,baseline,0.603
SolidSixPieceBurrs.xmpuzzle,baseline,0.603
SolidSixPieceBurrs.xmpuzzle,baseline,0.592
SolidSixPieceBurrs.xmpuzzle,baseline,0.566
SolidSixPieceBurrs.xmpuzzle,baseline,0.590
SolidSixPieceBurrs.xmpuzzle,baseline,0.569
SolidSixPieceBurrs.xmpuzzle,baseline,0.571
SolidSixPieceBurrs.xmpuzzle,candidate,0.495
SolidSixPieceBurrs.xmpuzzle,candidate,0.494
SolidSixPieceBurrs.xmpuzzle,candidate,0.489
SolidSixPieceBurrs.xmpuzzle,candidate,0.496
SolidSixPieceBurrs.xmpuzzle,candidate,0.496
SolidSixPieceBurrs.xmpuzzle,candidate,0.495
SolidSixPieceBurrs.xmpuzzle,candidate,0.494
SolidSixPieceBurrs.xmpuzzle,candidate,0.500
SolidSixPieceBurrs.xmpuzzle,candidate,0.494
SolidSixPieceBurrs.xmpuzzle,candidate,0.503
eight_puzzle_hard_problem.xmpuzzle,baseline,24.485
eight_puzzle_hard_problem.xmpuzzle,baseline,24.675
eight_puzzle_hard_problem.xmpuzzle,baseline,24.109
eight_puzzle_hard_problem.xmpuzzle,baseline,24.028
eight_puzzle_hard_problem.xmpuzzle,baseline,24.212
eight_puzzle_hard_problem.xmpuzzle,baseline,24.155
eight_puzzle_hard_problem.xmpuzzle,baseline,24.022
eight_puzzle_hard_problem.xmpuzzle,baseline,24.141
eight_puzzle_hard_problem.xmpuzzle,baseline,24.304
eight_puzzle_hard_problem.xmpuzzle,baseline,24.227
eight_puzzle_hard_problem.xmpuzzle,candidate,24.447
eight_puzzle_hard_problem.xmpuzzle,candidate,24.715
eight_puzzle_hard_problem.xmpuzzle,candidate,24.193
eight_puzzle_hard_problem.xmpuzzle,candidate,24.248
eight_puzzle_hard_problem.xmpuzzle,candidate,24.138
eight_puzzle_hard_problem.xmpuzzle,candidate,24.646
eight_puzzle_hard_problem.xmpuzzle,candidate,24.141
eight_puzzle_hard_problem.xmpuzzle,candidate,24.101
eight_puzzle_hard_problem.xmpuzzle,candidate,24.262
eight_puzzle_hard_problem.xmpuzzle,candidate,24.131
rush-hour-plain.xmpuzzle,baseline,1.201
rush-hour-plain.xmpuzzle,baseline,1.241
rush-hour-plain.xmpuzzle,baseline,1.204
rush-hour-plain.xmpuzzle,baseline,1.240
rush-hour-plain.xmpuzzle,baseline,1.214
rush-hour-plain.xmpuzzle,baseline,1.204
rush-hour-plain.xmpuzzle,baseline,1.213
rush-hour-plain.xmpuzzle,baseline,1.217
rush-hour-plain.xmpuzzle,baseline,1.197
rush-hour-plain.xmpuzzle,baseline,1.196
rush-hour-plain.xmpuzzle,candidate,1.196
rush-hour-plain.xmpuzzle,candidate,1.194
rush-hour-plain.xmpuzzle,candidate,1.202
rush-hour-plain.xmpuzzle,candidate,1.211
rush-hour-plain.xmpuzzle,candidate,1.199
rush-hour-plain.xmpuzzle,candidate,1.240
rush-hour-plain.xmpuzzle,candidate,1.195
rush-hour-plain.xmpuzzle,candidate,1.207
rush-hour-plain.xmpuzzle,candidate,1.234
rush-hour-plain.xmpuzzle,candidate,1.208
mayerscube.xmpuzzle,baseline,0.004
mayerscube.xmpuzzle,baseline,0.008
mayerscube.xmpuzzle,baseline,0.013
mayerscube.xmpuzzle,baseline,0.007
mayerscube.xmpuzzle,baseline,0.007
mayerscube.xmpuzzle,baseline,0.015
mayerscube.xmpuzzle,baseline,0.016
mayerscube.xmpuzzle,baseline,0.016
mayerscube.xmpuzzle,baseline,0.016
mayerscube.xmpuzzle,baseline,0.010
mayerscube.xmpuzzle,candidate,0.016
mayerscube.xmpuzzle,candidate,0.004
mayerscube.xmpuzzle,candidate,0.016
mayerscube.xmpuzzle,candidate,0.007
mayerscube.xmpuzzle,candidate,0.016
mayerscube.xmpuzzle,candidate,0.017
mayerscube.xmpuzzle,candidate,0.021
mayerscube.xmpuzzle,candidate,0.016
mayerscube.xmpuzzle,candidate,0.016
mayerscube.xmpuzzle,candidate,0.016
mayerchristmascube3.xmpuzzle,baseline,0.004
mayerchristmascube3.xmpuzzle,baseline,0.006
mayerchristmascube3.xmpuzzle,baseline,0.007
mayerchristmascube3.xmpuzzle,baseline,0.002
mayerchristmascube3.xmpuzzle,baseline,0.006
mayerchristmascube3.xmpuzzle,baseline,0.001
mayerchristmascube3.xmpuzzle,baseline,0.003
mayerchristmascube3.xmpuzzle,baseline,0.004
mayerchristmascube3.xmpuzzle,baseline,0.006
mayerchristmascube3.xmpuzzle,baseline,0.007
mayerchristmascube3.xmpuzzle,candidate,0.003
mayerchristmascube3.xmpuzzle,candidate,0.001
mayerchristmascube3.xmpuzzle,candidate,0.001
mayerchristmascube3.xmpuzzle,candidate,0.003
mayerchristmascube3.xmpuzzle,candidate,0.001
mayerchristmascube3.xmpuzzle,candidate,0.001
mayerchristmascube3.xmpuzzle,candidate,0.001
mayerchristmascube3.xmpuzzle,candidate,0.001
mayerchristmascube3.xmpuzzle,candidate,0.005
mayerchristmascube3.xmpuzzle,candidate,0.001
mayercube7b.xmpuzzle,baseline,0.007
mayercube7b.xmpuzzle,baseline,0.009
mayercube7b.xmpuzzle,baseline,0.009
mayercube7b.xmpuzzle,baseline,0.009
mayercube7b.xmpuzzle,baseline,0.010
mayercube7b.xmpuzzle,baseline,0.010
mayercube7b.xmpuzzle,baseline,0.006
mayercube7b.xmpuzzle,baseline,0.005
mayercube7b.xmpuzzle,baseline,0.004
mayercube7b.xmpuzzle,baseline,0.008
mayercube7b.xmpuzzle,candidate,0.010
mayercube7b.xmpuzzle,candidate,0.010
mayercube7b.xmpuzzle,candidate,0.002
mayercube7b.xmpuzzle,candidate,0.008
mayercube7b.xmpuzzle,candidate,0.004
mayercube7b.xmpuzzle,candidate,0.010
mayercube7b.xmpuzzle,candidate,0.006
mayercube7b.xmpuzzle,candidate,0.002
mayercube7b.xmpuzzle,candidate,0.010
mayercube7b.xmpuzzle,candidate,0.010
mayercube9b.xmpuzzle,baseline,0.004
mayercube9b.xmpuzzle,baseline,0.004
mayercube9b.xmpuzzle,baseline,0.004
mayercube9b.xmpuzzle,baseline,0.003
mayercube9b.xmpuzzle,baseline,0.004
mayercube9b.xmpuzzle,baseline,0.001
mayercube9b.xmpuzzle,baseline,0.005
mayercube9b.xmpuzzle,baseline,0.001
mayercube9b.xmpuzzle,baseline,0.001
mayercube9b.xmpuzzle,baseline,0.002
mayercube9b.xmpuzzle,candidate,0.002
mayercube9b.xmpuzzle,candidate,0.004
mayercube9b.xmpuzzle,candidate,0.004
mayercube9b.xmpuzzle,candidate,0.004
mayercube9b.xmpuzzle,candidate,0.004
mayercube9b.xmpuzzle,candidate,0.002
mayercube9b.xmpuzzle,candidate,0.001
mayercube9b.xmpuzzle,candidate,0.004
mayercube9b.xmpuzzle,candidate,0.002
mayercube9b.xmpuzzle,candidate,0.001
mayercube10c.xmpuzzle,baseline,0.020
mayercube10c.xmpuzzle,baseline,0.047
mayercube10c.xmpuzzle,baseline,0.019
mayercube10c.xmpuzzle,baseline,0.029
mayercube10c.xmpuzzle,baseline,0.039
mayercube10c.xmpuzzle,baseline,0.049
mayercube10c.xmpuzzle,baseline,0.048
mayercube10c.xmpuzzle,baseline,0.049
mayercube10c.xmpuzzle,baseline,0.048
mayercube10c.xmpuzzle,baseline,0.022
mayercube10c.xmpuzzle,candidate,0.046
mayercube10c.xmpuzzle,candidate,0.032
mayercube10c.xmpuzzle,candidate,0.049
mayercube10c.xmpuzzle,candidate,0.039
mayercube10c.xmpuzzle,candidate,0.036
mayercube10c.xmpuzzle,candidate,0.016
mayercube10c.xmpuzzle,candidate,0.036
mayercube10c.xmpuzzle,candidate,0.051
mayercube10c.xmpuzzle,candidate,0.048
mayercube10c.xmpuzzle,candidate,0.036
hexaring.xmpuzzle,baseline,0.016
hexaring.xmpuzzle,baseline,0.015
hexaring.xmpuzzle,baseline,0.006
hexaring.xmpuzzle,baseline,0.014
hexaring.xmpuzzle,baseline,0.014
hexaring.xmpuzzle,baseline,0.005
hexaring.xmpuzzle,baseline,0.003
hexaring.xmpuzzle,baseline,0.015
hexaring.xmpuzzle,baseline,0.003
hexaring.xmpuzzle,baseline,0.006
hexaring.xmpuzzle,candidate,0.003
hexaring.xmpuzzle,candidate,0.014
hexaring.xmpuzzle,candidate,0.003
hexaring.xmpuzzle,candidate,0.014
hexaring.xmpuzzle,candidate,0.016
hexaring.xmpuzzle,candidate,0.015
hexaring.xmpuzzle,candidate,0.003
hexaring.xmpuzzle,candidate,0.015
hexaring.xmpuzzle,candidate,0.003
hexaring.xmpuzzle,candidate,0.013
SmellingOfRosesCubic.xmpuzzle,baseline,0.074
SmellingOfRosesCubic.xmpuzzle,baseline,0.060
SmellingOfRosesCubic.xmpuzzle,baseline,0.048
SmellingOfRosesCubic.xmpuzzle,baseline,0.073
SmellingOfRosesCubic.xmpuzzle,baseline,0.043
SmellingOfRosesCubic.xmpuzzle,baseline,0.074
SmellingOfRosesCubic.xmpuzzle,baseline,0.042
SmellingOfRosesCubic.xmpuzzle,baseline,0.074
SmellingOfRosesCubic.xmpuzzle,baseline,0.070
SmellingOfRosesCubic.xmpuzzle,baseline,0.074
SmellingOfRosesCubic.xmpuzzle,candidate,0.043
SmellingOfRosesCubic.xmpuzzle,candidate,0.082
SmellingOfRosesCubic.xmpuzzle,candidate,0.044
SmellingOfRosesCubic.xmpuzzle,candidate,0.042
SmellingOfRosesCubic.xmpuzzle,candidate,0.072
SmellingOfRosesCubic.xmpuzzle,candidate,0.043
SmellingOfRosesCubic.xmpuzzle,candidate,0.044
SmellingOfRosesCubic.xmpuzzle,candidate,0.075
SmellingOfRosesCubic.xmpuzzle,candidate,0.042
SmellingOfRosesCubic.xmpuzzle,candidate,0.077
grooved-6-board-burr-07.xmpuzzle,baseline,0.598
grooved-6-board-burr-07.xmpuzzle,baseline,0.643
grooved-6-board-burr-07.xmpuzzle,baseline,0.594
grooved-6-board-burr-07.xmpuzzle,baseline,0.590
grooved-6-board-burr-07.xmpuzzle,baseline,0.587
grooved-6-board-burr-07.xmpuzzle,baseline,0.607
grooved-6-board-burr-07.xmpuzzle,baseline,0.588
grooved-6-board-burr-07.xmpuzzle,baseline,0.586
grooved-6-board-burr-07.xmpuzzle,baseline,0.589
grooved-6-board-burr-07.xmpuzzle,baseline,0.590
grooved-6-board-burr-07.xmpuzzle,candidate,0.584
grooved-6-board-burr-07.xmpuzzle,candidate,0.585
grooved-6-board-burr-07.xmpuzzle,candidate,0.585
grooved-6-board-burr-07.xmpuzzle,candidate,0.666
grooved-6-board-burr-07.xmpuzzle,candidate,0.600
grooved-6-board-burr-07.xmpuzzle,candidate,0.591
grooved-6-board-burr-07.xmpuzzle,candidate,0.599
grooved-6-board-burr-07.xmpuzzle,candidate,0.588
grooved-6-board-burr-07.xmpuzzle,candidate,0.593
grooved-6-board-burr-07.xmpuzzle,candidate,0.590
Snooky.xmpuzzle,baseline,0.002
Snooky.xmpuzzle,baseline,0.007
Snooky.xmpuzzle,baseline,0.007
Snooky.xmpuzzle,baseline,0.002
Snooky.xmpuzzle,baseline,0.002
Snooky.xmpuzzle,baseline,0.002
Snooky.xmpuzzle,baseline,0.007
Snooky.xmpuzzle,baseline,0.008
Snooky.xmpuzzle,baseline,0.002
Snooky.xmpuzzle,baseline,0.002
Snooky.xmpuzzle,candidate,0.002
Snooky.xmpuzzle,candidate,0.002
Snooky.xmpuzzle,candidate,0.002
Snooky.xmpuzzle,candidate,0.002
Snooky.xmpuzzle,candidate,0.008
Snooky.xmpuzzle,candidate,0.002
Snooky.xmpuzzle,candidate,0.004
Snooky.xmpuzzle,candidate,0.008
Snooky.xmpuzzle,candidate,0.002
Snooky.xmpuzzle,candidate,0.008
MinotaurBurr.xmpuzzle,baseline,0.087
MinotaurBurr.xmpuzzle,baseline,0.055
MinotaurBurr.xmpuzzle,baseline,0.086
MinotaurBurr.xmpuzzle,baseline,0.054
MinotaurBurr.xmpuzzle,baseline,0.085
MinotaurBurr.xmpuzzle,baseline,0.055
MinotaurBurr.xmpuzzle,baseline,0.059
MinotaurBurr.xmpuzzle,baseline,0.057
MinotaurBurr.xmpuzzle,baseline,0.061
MinotaurBurr.xmpuzzle,baseline,0.070
MinotaurBurr.xmpuzzle,candidate,0.061
MinotaurBurr.xmpuzzle,candidate,0.062
MinotaurBurr.xmpuzzle,candidate,0.071
MinotaurBurr.xmpuzzle,candidate,0.056
MinotaurBurr.xmpuzzle,candidate,0.076
MinotaurBurr.xmpuzzle,candidate,0.056
MinotaurBurr.xmpuzzle,candidate,0.058
MinotaurBurr.xmpuzzle,candidate,0.055
MinotaurBurr.xmpuzzle,candidate,0.085
MinotaurBurr.xmpuzzle,candidate,0.087
CurlyBurrN8.xmpuzzle,baseline,0.005
CurlyBurrN8.xmpuzzle,baseline,0.016
CurlyBurrN8.xmpuzzle,baseline,0.005
CurlyBurrN8.xmpuzzle,baseline,0.008
CurlyBurrN8.xmpuzzle,baseline,0.025
CurlyBurrN8.xmpuzzle,baseline,0.022
CurlyBurrN8.xmpuzzle,baseline,0.007
CurlyBurrN8.xmpuzzle,baseline,0.022
CurlyBurrN8.xmpuzzle,baseline,0.022
CurlyBurrN8.xmpuzzle,baseline,0.014
CurlyBurrN8.xmpuzzle,candidate,0.016
CurlyBurrN8.xmpuzzle,candidate,0.020
CurlyBurrN8.xmpuzzle,candidate,0.008
CurlyBurrN8.xmpuzzle,candidate,0.005
CurlyBurrN8.xmpuzzle,candidate,0.010
CurlyBurrN8.xmpuzzle,candidate,0.011
CurlyBurrN8.xmpuzzle,candidate,0.014
CurlyBurrN8.xmpuzzle,candidate,0.005
CurlyBurrN8.xmpuzzle,candidate,0.004
CurlyBurrN8.xmpuzzle,candidate,0.004
quattro.xmpuzzle,baseline,0.016
quattro.xmpuzzle,baseline,0.019
quattro.xmpuzzle,baseline,0.023
quattro.xmpuzzle,baseline,0.017
quattro.xmpuzzle,baseline,0.023
quattro.xmpuzzle,baseline,0.023
quattro.xmpuzzle,baseline,0.021
quattro.xmpuzzle,baseline,0.017
quattro.xmpuzzle,baseline,0.017
quattro.xmpuzzle,baseline,0.017
quattro.xmpuzzle,candidate,0.016
quattro.xmpuzzle,candidate,0.016
quattro.xmpuzzle,candidate,0.019
quattro.xmpuzzle,candidate,0.016
quattro.xmpuzzle,candidate,0.015
quattro.xmpuzzle,candidate,0.016
quattro.xmpuzzle,candidate,0.016
quattro.xmpuzzle,candidate,0.016
quattro.xmpuzzle,candidate,0.015
quattro.xmpuzzle,candidate,0.016
zigzaggu-drawers.xmpuzzle,baseline,3.795
zigzaggu-drawers.xmpuzzle,baseline,3.743
zigzaggu-drawers.xmpuzzle,baseline,3.734
zigzaggu-drawers.xmpuzzle,baseline,3.726
zigzaggu-drawers.xmpuzzle,baseline,3.781
zigzaggu-drawers.xmpuzzle,baseline,3.793
zigzaggu-drawers.xmpuzzle,baseline,3.754
zigzaggu-drawers.xmpuzzle,baseline,3.757
zigzaggu-drawers.xmpuzzle,baseline,3.762
zigzaggu-drawers.xmpuzzle,baseline,3.779
zigzaggu-drawers.xmpuzzle,candidate,3.747
zigzaggu-drawers.xmpuzzle,candidate,3.740
zigzaggu-drawers.xmpuzzle,candidate,3.734
zigzaggu-drawers.xmpuzzle,candidate,3.849
zigzaggu-drawers.xmpuzzle,candidate,3.832
zigzaggu-drawers.xmpuzzle,candidate,3.961
zigzaggu-drawers.xmpuzzle,candidate,3.761
zigzaggu-drawers.xmpuzzle,candidate,3.849
zigzaggu-drawers.xmpuzzle,candidate,3.716
zigzaggu-drawers.xmpuzzle,candidate,3.731
hooks.xmpuzzle,baseline,0.095
hooks.xmpuzzle,baseline,0.082
hooks.xmpuzzle,baseline,0.087
hooks.xmpuzzle,baseline,0.089
hooks.xmpuzzle,baseline,0.084
hooks.xmpuzzle,baseline,0.088
hooks.xmpuzzle,baseline,0.083
hooks.xmpuzzle,baseline,0.084
hooks.xmpuzzle,baseline,0.103
hooks.xmpuzzle,baseline,0.114
hooks.xmpuzzle,candidate,0.104
hooks.xmpuzzle,candidate,0.089
hooks.xmpuzzle,candidate,0.084
hooks.xmpuzzle,candidate,0.107
hooks.xmpuzzle,candidate,0.087
hooks.xmpuzzle,candidate,0.086
hooks.xmpuzzle,candidate,0.083
hooks.xmpuzzle,candidate,0.118
hooks.xmpuzzle,candidate,0.110
hooks.xmpuzzle,candidate,0.093
ReillyCannonballPuzzle.xmpuzzle,baseline,0.083
ReillyCannonballPuzzle.xmpuzzle,baseline,0.093
ReillyCannonballPuzzle.xmpuzzle,baseline,0.095
ReillyCannonballPuzzle.xmpuzzle,baseline,0.074
ReillyCannonballPuzzle.xmpuzzle,baseline,0.067
ReillyCannonballPuzzle.xmpuzzle,baseline,0.101
ReillyCannonballPuzzle.xmpuzzle,baseline,0.101
ReillyCannonballPuzzle.xmpuzzle,baseline,0.062
ReillyCannonballPuzzle.xmpuzzle,baseline,0.088
ReillyCannonballPuzzle.xmpuzzle,baseline,0.091
ReillyCannonballPuzzle.xmpuzzle,candidate,0.097
ReillyCannonballPuzzle.xmpuzzle,candidate,0.089
ReillyCannonballPuzzle.xmpuzzle,candidate,0.093
ReillyCannonballPuzzle.xmpuzzle,candidate,0.085
ReillyCannonballPuzzle.xmpuzzle,candidate,0.098
ReillyCannonballPuzzle.xmpuzzle,candidate,0.095
ReillyCannonballPuzzle.xmpuzzle,candidate,0.091
ReillyCannonballPuzzle.xmpuzzle,candidate,0.093
ReillyCannonballPuzzle.xmpuzzle,candidate,0.077
ReillyCannonballPuzzle.xmpuzzle,candidate,0.083
palace.xmpuzzle,baseline,0.013
palace.xmpuzzle,baseline,0.015
palace.xmpuzzle,baseline,0.014
palace.xmpuzzle,baseline,0.010
palace.xmpuzzle,baseline,0.006
palace.xmpuzzle,baseline,0.003
palace.xmpuzzle,baseline,0.014
palace.xmpuzzle,baseline,0.014
palace.xmpuzzle,baseline,0.014
palace.xmpuzzle,baseline,0.003
palace.xmpuzzle,candidate,0.013
palace.xmpuzzle,candidate,0.014
palace.xmpuzzle,candidate,0.014
palace.xmpuzzle,candidate,0.015
palace.xmpuzzle,candidate,0.014
palace.xmpuzzle,candidate,0.006
palace.xmpuzzle,candidate,0.013
palace.xmpuzzle,candidate,0.014
palace.xmpuzzle,candidate,0.014
palace.xmpuzzle,candidate,0.004
Belopo.xmpuzzle,baseline,0.056
Belopo.xmpuzzle,baseline,0.042
Belopo.xmpuzzle,baseline,0.056
Belopo.xmpuzzle,baseline,0.030
Belopo.xmpuzzle,baseline,0.055
Belopo.xmpuzzle,baseline,0.056
Belopo.xmpuzzle,baseline,0.041
Belopo.xmpuzzle,baseline,0.058
Belopo.xmpuzzle,baseline,0.049
Belopo.xmpuzzle,baseline,0.056
Belopo.xmpuzzle,candidate,0.050
Belopo.xmpuzzle,candidate,0.028
Belopo.xmpuzzle,candidate,0.022
Belopo.xmpuzzle,candidate,0.022
Belopo.xmpuzzle,candidate,0.023
Belopo.xmpuzzle,candidate,0.030
Belopo.xmpuzzle,candidate,0.030
Belopo.xmpuzzle,candidate,0.054
Belopo.xmpuzzle,candidate,0.048
Belopo.xmpuzzle,candidate,0.054
Stir The Coffee.xmpuzzle,baseline,0.054
Stir The Coffee.xmpuzzle,baseline,0.055
Stir The Coffee.xmpuzzle,baseline,0.053
Stir The Coffee.xmpuzzle,baseline,0.064
Stir The Coffee.xmpuzzle,baseline,0.032
Stir The Coffee.xmpuzzle,baseline,0.055
Stir The Coffee.xmpuzzle,baseline,0.057
Stir The Coffee.xmpuzzle,baseline,0.045
Stir The Coffee.xmpuzzle,baseline,0.064
Stir The Coffee.xmpuzzle,baseline,0.037
Stir The Coffee.xmpuzzle,candidate,0.064
Stir The Coffee.xmpuzzle,candidate,0.033
Stir The Coffee.xmpuzzle,candidate,0.063
Stir The Coffee.xmpuzzle,candidate,0.063
Stir The Coffee.xmpuzzle,candidate,0.044
Stir The Coffee.xmpuzzle,candidate,0.058
Stir The Coffee.xmpuzzle,candidate,0.054
Stir The Coffee.xmpuzzle,candidate,0.054
Stir The Coffee.xmpuzzle,candidate,0.053
Stir The Coffee.xmpuzzle,candidate,0.064
dovetail.xmpuzzle,baseline,22.158
dovetail.xmpuzzle,baseline,22.097
dovetail.xmpuzzle,baseline,21.778
dovetail.xmpuzzle,baseline,22.298
dovetail.xmpuzzle,baseline,21.894
dovetail.xmpuzzle,baseline,21.758
dovetail.xmpuzzle,baseline,22.079
dovetail.xmpuzzle,baseline,22.020
dovetail.xmpuzzle,baseline,21.961
dovetail.xmpuzzle,baseline,22.217
dovetail.xmpuzzle,candidate,22.079
dovetail.xmpuzzle,candidate,21.842
dovetail.xmpuzzle,candidate,21.847
dovetail.xmpuzzle,candidate,22.098
dovetail.xmpuzzle,candidate,21.831
dovetail.xmpuzzle,candidate,21.741
dovetail.xmpuzzle,candidate,22.013
dovetail.xmpuzzle,candidate,21.780
dovetail.xmpuzzle,candidate,21.630
dovetail.xmpuzzle,candidate,21.778
Notes.xmpuzzle,baseline,0.073
Notes.xmpuzzle,baseline,0.074
Notes.xmpuzzle,baseline,0.093
Notes.xmpuzzle,baseline,0.071
Notes.xmpuzzle,baseline,0.073
Notes.xmpuzzle,baseline,0.073
Notes.xmpuzzle,baseline,0.103
Notes.xmpuzzle,baseline,0.075
Notes.xmpuzzle,baseline,0.074
Notes.xmpuzzle,baseline,0.076
Notes.xmpuzzle,candidate,0.073
Notes.xmpuzzle,candidate,0.075
Notes.xmpuzzle,candidate,0.073
Notes.xmpuzzle,candidate,0.082
Notes.xmpuzzle,candidate,0.073
Notes.xmpuzzle,candidate,0.101
Notes.xmpuzzle,candidate,0.104
Notes.xmpuzzle,candidate,0.091
Notes.xmpuzzle,candidate,0.071
Notes.xmpuzzle,candidate,0.073
VincoSoma.xmpuzzle,baseline,0.415
VincoSoma.xmpuzzle,baseline,0.416
VincoSoma.xmpuzzle,baseline,0.433
VincoSoma.xmpuzzle,baseline,0.419
VincoSoma.xmpuzzle,baseline,0.409
VincoSoma.xmpuzzle,baseline,0.440
VincoSoma.xmpuzzle,baseline,0.409
VincoSoma.xmpuzzle,baseline,0.420
VincoSoma.xmpuzzle,baseline,0.413
VincoSoma.xmpuzzle,baseline,0.420
VincoSoma.xmpuzzle,candidate,0.435
VincoSoma.xmpuzzle,candidate,0.429
VincoSoma.xmpuzzle,candidate,0.472
VincoSoma.xmpuzzle,candidate,0.473
VincoSoma.xmpuzzle,candidate,0.457
VincoSoma.xmpuzzle,candidate,0.402
VincoSoma.xmpuzzle,candidate,0.415
VincoSoma.xmpuzzle,candidate,0.429
VincoSoma.xmpuzzle,candidate,0.420
VincoSoma.xmpuzzle,candidate,0.418
BillCutlerLattice.xmpuzzle,baseline,29.058
BillCutlerLattice.xmpuzzle,baseline,28.610
BillCutlerLattice.xmpuzzle,baseline,28.586
BillCutlerLattice.xmpuzzle,baseline,27.917
BillCutlerLattice.xmpuzzle,baseline,28.530
BillCutlerLattice.xmpuzzle,baseline,28.181
BillCutlerLattice.xmpuzzle,baseline,28.372
BillCutlerLattice.xmpuzzle,baseline,27.624
BillCutlerLattice.xmpuzzle,baseline,28.051
BillCutlerLattice.xmpuzzle,baseline,27.705
BillCutlerLattice.xmpuzzle,candidate,28.027
BillCutlerLattice.xmpuzzle,candidate,28.321
BillCutlerLattice.xmpuzzle,candidate,29.101
BillCutlerLattice.xmpuzzle,candidate,27.880
BillCutlerLattice.xmpuzzle,candidate,28.099
BillCutlerLattice.xmpuzzle,candidate,27.992
BillCutlerLattice.xmpuzzle,candidate,28.642
BillCutlerLattice.xmpuzzle,candidate,27.333
BillCutlerLattice.xmpuzzle,candidate,28.118
BillCutlerLattice.xmpuzzle,candidate,28.110
StrangBurr.xmpuzzle,baseline,0.007
StrangBurr.xmpuzzle,baseline,0.008
StrangBurr.xmpuzzle,baseline,0.009
StrangBurr.xmpuzzle,baseline,0.009
StrangBurr.xmpuzzle,baseline,0.004
StrangBurr.xmpuzzle,baseline,0.010
StrangBurr.xmpuzzle,baseline,0.011
StrangBurr.xmpuzzle,baseline,0.010
StrangBurr.xmpuzzle,baseline,0.004
StrangBurr.xmpuzzle,baseline,0.010
StrangBurr.xmpuzzle,candidate,0.011
StrangBurr.xmpuzzle,candidate,0.010
StrangBurr.xmpuzzle,candidate,0.003
StrangBurr.xmpuzzle,candidate,0.005
StrangBurr.xmpuzzle,candidate,0.002
StrangBurr.xmpuzzle,candidate,0.010
StrangBurr.xmpuzzle,candidate,0.003
StrangBurr.xmpuzzle,candidate,0.005
StrangBurr.xmpuzzle,candidate,0.003
StrangBurr.xmpuzzle,candidate,0.010
Insider.xmpuzzle,baseline,0.501
Insider.xmpuzzle,baseline,0.483
Insider.xmpuzzle,baseline,0.452
Insider.xmpuzzle,baseline,0.467
Insider.xmpuzzle,baseline,0.463
Insider.xmpuzzle,baseline,0.463
Insider.xmpuzzle,baseline,0.461
Insider.xmpuzzle,baseline,0.467
Insider.xmpuzzle,baseline,0.467
Insider.xmpuzzle,baseline,0.459
Insider.xmpuzzle,candidate,0.457
Insider.xmpuzzle,candidate,0.465
Insider.xmpuzzle,candidate,0.470
Insider.xmpuzzle,candidate,0.450
Insider.xmpuzzle,candidate,0.462
Insider.xmpuzzle,candidate,0.500
Insider.xmpuzzle,candidate,0.462
Insider.xmpuzzle,candidate,0.470
Insider.xmpuzzle,candidate,0.458
Insider.xmpuzzle,candidate,0.476
Gem_OsanariYamamoto.xmpuzzle,baseline,0.015
Gem_OsanariYamamoto.xmpuzzle,baseline,0.026
Gem_OsanariYamamoto.xmpuzzle,baseline,0.025
Gem_OsanariYamamoto.xmpuzzle,baseline,0.026
Gem_OsanariYamamoto.xmpuzzle,baseline,0.019
Gem_OsanariYamamoto.xmpuzzle,baseline,0.026
Gem_OsanariYamamoto.xmpuzzle,baseline,0.019
Gem_OsanariYamamoto.xmpuzzle,baseline,0.026
Gem_OsanariYamamoto.xmpuzzle,baseline,0.016
Gem_OsanariYamamoto.xmpuzzle,baseline,0.017
Gem_OsanariYamamoto.xmpuzzle,candidate,0.020
Gem_OsanariYamamoto.xmpuzzle,candidate,0.026
Gem_OsanariYamamoto.xmpuzzle,candidate,0.026
Gem_OsanariYamamoto.xmpuzzle,candidate,0.026
Gem_OsanariYamamoto.xmpuzzle,candidate,0.019
Gem_OsanariYamamoto.xmpuzzle,candidate,0.020
Gem_OsanariYamamoto.xmpuzzle,candidate,0.026
Gem_OsanariYamamoto.xmpuzzle,candidate,0.026
Gem_OsanariYamamoto.xmpuzzle,candidate,0.015
Gem_OsanariYamamoto.xmpuzzle,candidate,0.026
Dizzy_Cube_Chi-Ren_Chen.xmpuzzle,baseline,0.006
Dizzy_Cube_Chi-Ren_Chen.xmpuzzle,baseline,0.002
Dizzy_Cube_Chi-Ren_Chen.xmpuzzle,baseline,0.005
Dizzy_Cube_Chi-Ren_Chen.xmpuzzle,baseline,0.005
Dizzy_Cube_Chi-Ren_Chen.xmpuzzle,baseline,0.005
Dizzy_Cube_Chi-Ren_Chen.xmpuzzle,baseline,0.005
Dizzy_Cube_Chi-Ren_Chen.xmpuzzle,baseline,0.005
Dizzy_Cube_Chi-Ren_Chen.xmpuzzle,baseline,0.006
Dizzy_Cube_Chi-Ren_Chen.xmpuzzle,baseline,0.006
Dizzy_Cube_Chi-Ren_Chen.xmpuzzle,baseline,0.006
Dizzy_Cube_Chi-Ren_Chen.xmpuzzle,candidate,0.005
Dizzy_Cube_Chi-Ren_Chen.xmpuzzle,candidate,0.006
Dizzy_Cube_Chi-Ren_Chen.xmpuzzle,candidate,0.006
Dizzy_Cube_Chi-Ren_Chen.xmpuzzle,candidate,0.001
Dizzy_Cube_Chi-Ren_Chen.xmpuzzle,candidate,0.005
Dizzy_Cube_Chi-Ren_Chen.xmpuzzle,candidate,0.001
Dizzy_Cube_Chi-Ren_Chen.xmpuzzle,candidate,0.005
Dizzy_Cube_Chi-Ren_Chen.xmpuzzle,candidate,0.005
Dizzy_Cube_Chi-Ren_Chen.xmpuzzle,candidate,0.001
Dizzy_Cube_Chi-Ren_Chen.xmpuzzle,candidate,0.006
JUNO_-_Gravitational_Burr.xmpuzzle,baseline,1.940
JUNO_-_Gravitational_Burr.xmpuzzle,baseline,1.924
JUNO_-_Gravitational_Burr.xmpuzzle,baseline,1.911
JUNO_-_Gravitational_Burr.xmpuzzle,baseline,1.900
JUNO_-_Gravitational_Burr.xmpuzzle,baseline,1.896
JUNO_-_Gravitational_Burr.xmpuzzle,baseline,1.918
JUNO_-_Gravitational_Burr.xmpuzzle,baseline,2.017
JUNO_-_Gravitational_Burr.xmpuzzle,baseline,1.908
JUNO_-_Gravitational_Burr.xmpuzzle,baseline,1.903
JUNO_-_Gravitational_Burr.xmpuzzle,baseline,1.896
JUNO_-_Gravitational_Burr.xmpuzzle,candidate,1.897
JUNO_-_Gravitational_Burr.xmpuzzle,candidate,1.886
JUNO_-_Gravitational_Burr.xmpuzzle,candidate,1.906
JUNO_-_Gravitational_Burr.xmpuzzle,candidate,1.905
JUNO_-_Gravitational_Burr.xmpuzzle,candidate,1.945
JUNO_-_Gravitational_Burr.xmpuzzle,candidate,1.909
JUNO_-_Gravitational_Burr.xmpuzzle,candidate,1.973
JUNO_-_Gravitational_Burr.xmpuzzle,candidate,1.903
JUNO_-_Gravitational_Burr.xmpuzzle,candidate,1.903
JUNO_-_Gravitational_Burr.xmpuzzle,candidate,1.924
Peanut.xmpuzzle,baseline,0.654
Peanut.xmpuzzle,baseline,0.849
Peanut.xmpuzzle,baseline,0.859
Peanut.xmpuzzle,baseline,0.922
Peanut.xmpuzzle,baseline,0.899
Peanut.xmpuzzle,baseline,0.883
Peanut.xmpuzzle,baseline,0.811
Peanut.xmpuzzle,baseline,0.694
Peanut.xmpuzzle,baseline,0.565
Peanut.xmpuzzle,baseline,0.755
Peanut.xmpuzzle,candidate,0.879
Peanut.xmpuzzle,candidate,0.796
Peanut.xmpuzzle,candidate,0.833
Peanut.xmpuzzle,candidate,0.836
Peanut.xmpuzzle,candidate,0.743
Peanut.xmpuzzle,candidate,0.792
Peanut.xmpuzzle,candidate,0.866
Peanut.xmpuzzle,candidate,0.787
Peanut.xmpuzzle,candidate,0.760
Peanut.xmpuzzle,candidate,0.840
neptune.xmpuzzle,baseline,0.012
neptune.xmpuzzle,baseline,0.041
neptune.xmpuzzle,baseline,0.017
neptune.xmpuzzle,baseline,0.023
neptune.xmpuzzle,baseline,0.011
neptune.xmpuzzle,baseline,0.010
neptune.xmpuzzle,baseline,0.015
neptune.xmpuzzle,baseline,0.018
neptune.xmpuzzle,baseline,0.018
neptune.xmpuzzle,baseline,0.043
neptune.xmpuzzle,candidate,0.042
neptune.xmpuzzle,candidate,0.044
neptune.xmpuzzle,candidate,0.019
neptune.xmpuzzle,candidate,0.015
neptune.xmpuzzle,candidate,0.043
neptune.xmpuzzle,candidate,0.042
neptune.xmpuzzle,candidate,0.044
neptune.xmpuzzle,candidate,0.043
neptune.xmpuzzle,candidate,0.019
neptune.xmpuzzle,candidate,0.041
Gravity.xmpuzzle,baseline,0.590
Gravity.xmpuzzle,baseline,0.584
Gravity.xmpuzzle,baseline,0.580
Gravity.xmpuzzle,baseline,0.585
Gravity.xmpuzzle,baseline,0.581
Gravity.xmpuzzle,baseline,0.582
Gravity.xmpuzzle,baseline,0.583
Gravity.xmpuzzle,baseline,0.580
Gravity.xmpuzzle,baseline,0.585
Gravity.xmpuzzle,baseline,0.581
Gravity.xmpuzzle,candidate,0.587
Gravity.xmpuzzle,candidate,0.577
Gravity.xmpuzzle,candidate,0.579
Gravity.xmpuzzle,candidate,0.574
Gravity.xmpuzzle,candidate,0.587
Gravity.xmpuzzle,candidate,0.582
Gravity.xmpuzzle,candidate,0.585
Gravity.xmpuzzle,candidate,0.581
Gravity.xmpuzzle,candidate,0.585
Gravity.xmpuzzle,candidate,0.697
Pesudo_Ovolo.xmpuzzle,baseline,0.120
Pesudo_Ovolo.xmpuzzle,baseline,0.120
Pesudo_Ovolo.xmpuzzle,baseline,0.122
Pesudo_Ovolo.xmpuzzle,baseline,0.114
Pesudo_Ovolo.xmpuzzle,baseline,0.134
Pesudo_Ovolo.xmpuzzle,baseline,0.138
Pesudo_Ovolo.xmpuzzle,baseline,0.111
Pesudo_Ovolo.xmpuzzle,baseline,0.109
Pesudo_Ovolo.xmpuzzle,baseline,0.140
Pesudo_Ovolo.xmpuzzle,baseline,0.129
Pesudo_Ovolo.xmpuzzle,candidate,0.116
Pesudo_Ovolo.xmpuzzle,candidate,0.125
Pesudo_Ovolo.xmpuzzle,candidate,0.111
Pesudo_Ovolo.xmpuzzle,candidate,0.114
Pesudo_Ovolo.xmpuzzle,candidate,0.115
Pesudo_Ovolo.xmpuzzle,candidate,0.136
Pesudo_Ovolo.xmpuzzle,candidate,0.116
Pesudo_Ovolo.xmpuzzle,candidate,0.117
Pesudo_Ovolo.xmpuzzle,candidate,0.139
Pesudo_Ovolo.xmpuzzle,candidate,0.143
Maahes_TerrySmart.xmpuzzle,baseline,0.329
Maahes_TerrySmart.xmpuzzle,baseline,0.299
Maahes_TerrySmart.xmpuzzle,baseline,0.301
Maahes_TerrySmart.xmpuzzle,baseline,0.298
Maahes_TerrySmart.xmpuzzle,baseline,0.293
Maahes_TerrySmart.xmpuzzle,baseline,0.293
Maahes_TerrySmart.xmpuzzle,baseline,0.313
Maahes_TerrySmart.xmpuzzle,baseline,0.328
Maahes_TerrySmart.xmpuzzle,baseline,0.308
Maahes_TerrySmart.xmpuzzle,baseline,0.342
Maahes_TerrySmart.xmpuzzle,candidate,0.328
Maahes_TerrySmart.xmpuzzle,candidate,0.295
Maahes_TerrySmart.xmpuzzle,candidate,0.293
Maahes_TerrySmart.xmpuzzle,candidate,0.293
Maahes_TerrySmart.xmpuzzle,candidate,0.301
Maahes_TerrySmart.xmpuzzle,candidate,0.302
Maahes_TerrySmart.xmpuzzle,candidate,0.325
Maahes_TerrySmart.xmpuzzle,candidate,0.316
Maahes_TerrySmart.xmpuzzle,candidate,0.330
Maahes_TerrySmart.xmpuzzle,candidate,0.308
Ice9_big.xmpuzzle,baseline,0.793
Ice9_big.xmpuzzle,baseline,0.808
Ice9_big.xmpuzzle,baseline,0.800
Ice9_big.xmpuzzle,baseline,0.771
Ice9_big.xmpuzzle,baseline,0.766
Ice9_big.xmpuzzle,baseline,0.771
Ice9_big.xmpuzzle,baseline,0.771
Ice9_big.xmpuzzle,baseline,0.766
Ice9_big.xmpuzzle,baseline,0.778
Ice9_big.xmpuzzle,baseline,0.778
Ice9_big.xmpuzzle,candidate,0.775
Ice9_big.xmpuzzle,candidate,0.804
Ice9_big.xmpuzzle,candidate,0.786
Ice9_big.xmpuzzle,candidate,0.770
Ice9_big.xmpuzzle,candidate,0.762
Ice9_big.xmpuzzle,candidate,0.794
Ice9_big.xmpuzzle,candidate,0.756
Ice9_big.xmpuzzle,candidate,0.760
Ice9_big.xmpuzzle,candidate,0.762
Ice9_big.xmpuzzle,candidate,0.782
ziggerflat2.xmpuzzle,baseline,0.207
ziggerflat2.xmpuzzle,baseline,0.237
ziggerflat2.xmpuzzle,baseline,0.209
ziggerflat2.xmpuzzle,baseline,0.211
ziggerflat2.xmpuzzle,baseline,0.219
ziggerflat2.xmpuzzle,baseline,0.240
ziggerflat2.xmpuzzle,baseline,0.208
ziggerflat2.xmpuzzle,baseline,0.237
ziggerflat2.xmpuzzle,baseline,0.211
ziggerflat2.xmpuzzle,baseline,0.223
ziggerflat2.xmpuzzle,candidate,0.213
ziggerflat2.xmpuzzle,candidate,0.209
ziggerflat2.xmpuzzle,candidate,0.207
ziggerflat2.xmpuzzle,candidate,0.219
ziggerflat2.xmpuzzle,candidate,0.244
ziggerflat2.xmpuzzle,candidate,0.230
ziggerflat2.xmpuzzle,candidate,0.213
ziggerflat2.xmpuzzle,candidate,0.234
ziggerflat2.xmpuzzle,candidate,0.211
ziggerflat2.xmpuzzle,candidate,0.226
moirascube.xmpuzzle,baseline,150.962
moirascube.xmpuzzle,baseline,152.012
moirascube.xmpuzzle,baseline,150.916
moirascube.xmpuzzle,baseline,152.285
moirascube.xmpuzzle,baseline,150.222
moirascube.xmpuzzle,baseline,152.101
moirascube.xmpuzzle,baseline,151.040
moirascube.xmpuzzle,baseline,151.772
moirascube.xmpuzzle,baseline,151.121
moirascube.xmpuzzle,baseline,151.653
moirascube.xmpuzzle,candidate,150.466
moirascube.xmpuzzle,candidate,152.113
moirascube.xmpuzzle,candidate,151.363
moirascube.xmpuzzle,candidate,151.032
moirascube.xmpuzzle,candidate,151.130
moirascube.xmpuzzle,candidate,152.057
moirascube.xmpuzzle,candidate,150.625
moirascube.xmpuzzle,candidate,151.240
moirascube.xmpuzzle,candidate,151.692
moirascube.xmpuzzle,candidate,151.132
FujimotoCube.xmpuzzle,baseline,0.031
FujimotoCube.xmpuzzle,baseline,0.038
FujimotoCube.xmpuzzle,baseline,0.067
FujimotoCube.xmpuzzle,baseline,0.033
FujimotoCube.xmpuzzle,baseline,0.065
FujimotoCube.xmpuzzle,baseline,0.037
FujimotoCube.xmpuzzle,baseline,0.064
FujimotoCube.xmpuzzle,baseline,0.046
FujimotoCube.xmpuzzle,baseline,0.065
FujimotoCube.xmpuzzle,baseline,0.033
FujimotoCube.xmpuzzle,candidate,0.038
FujimotoCube.xmpuzzle,candidate,0.066
FujimotoCube.xmpuzzle,candidate,0.049
FujimotoCube.xmpuzzle,candidate,0.064
FujimotoCube.xmpuzzle,candidate,0.063
FujimotoCube.xmpuzzle,candidate,0.068
FujimotoCube.xmpuzzle,candidate,0.037
FujimotoCube.xmpuzzle,candidate,0.038
FujimotoCube.xmpuzzle,candidate,0.066
FujimotoCube.xmpuzzle,candidate,0.042
petitbox.xmpuzzle,baseline,0.015
petitbox.xmpuzzle,baseline,0.006
petitbox.xmpuzzle,baseline,0.005
petitbox.xmpuzzle,baseline,0.004
petitbox.xmpuzzle,baseline,0.016
petitbox.xmpuzzle,baseline,0.005
petitbox.xmpuzzle,baseline,0.005
petitbox.xmpuzzle,baseline,0.005
petitbox.xmpuzzle,baseline,0.004
petitbox.xmpuzzle,baseline,0.004
petitbox.xmpuzzle,candidate,0.008
petitbox.xmpuzzle,candidate,0.017
petitbox.xmpuzzle,candidate,0.009
petitbox.xmpuzzle,candidate,0.017
petitbox.xmpuzzle,candidate,0.015
petitbox.xmpuzzle,candidate,0.018
petitbox.xmpuzzle,candidate,0.017
petitbox.xmpuzzle,candidate,0.018
petitbox.xmpuzzle,candidate,0.017
petitbox.xmpuzzle,candidate,0.010
Rectangle_Block.xmpuzzle,baseline,0.064
Rectangle_Block.xmpuzzle,baseline,0.067
Rectangle_Block.xmpuzzle,baseline,0.039
Rectangle_Block.xmpuzzle,baseline,0.032
Rectangle_Block.xmpuzzle,baseline,0.052
Rectangle_Block.xmpuzzle,baseline,0.041
Rectangle_Block.xmpuzzle,baseline,0.065
Rectangle_Block.xmpuzzle,baseline,0.046
Rectangle_Block.xmpuzzle,baseline,0.063
Rectangle_Block.xmpuzzle,baseline,0.033
Rectangle_Block.xmpuzzle,candidate,0.029
Rectangle_Block.xmpuzzle,candidate,0.030
Rectangle_Block.xmpuzzle,candidate,0.031
Rectangle_Block.xmpuzzle,candidate,0.057
Rectangle_Block.xmpuzzle,candidate,0.033
Rectangle_Block.xmpuzzle,candidate,0.038
Rectangle_Block.xmpuzzle,candidate,0.065
Rectangle_Block.xmpuzzle,candidate,0.040
Rectangle_Block.xmpuzzle,candidate,0.069
Rectangle_Block.xmpuzzle,candidate,0.033
ThinkSticks_Allard_IPP40.xmpuzzle,baseline,0.323
ThinkSticks_Allard_IPP40.xmpuzzle,baseline,0.328
ThinkSticks_Allard_IPP40.xmpuzzle,baseline,0.166
ThinkSticks_Allard_IPP40.xmpuzzle,baseline,0.324
ThinkSticks_Allard_IPP40.xmpuzzle,baseline,0.267
ThinkSticks_Allard_IPP40.xmpuzzle,baseline,0.309
ThinkSticks_Allard_IPP40.xmpuzzle,baseline,0.270
ThinkSticks_Allard_IPP40.xmpuzzle,baseline,0.345
ThinkSticks_Allard_IPP40.xmpuzzle,baseline,0.270
ThinkSticks_Allard_IPP40.xmpuzzle,baseline,0.317
ThinkSticks_Allard_IPP40.xmpuzzle,candidate,0.301
ThinkSticks_Allard_IPP40.xmpuzzle,candidate,0.320
ThinkSticks_Allard_IPP40.xmpuzzle,candidate,0.259
ThinkSticks_Allard_IPP40.xmpuzzle,candidate,0.329
ThinkSticks_Allard_IPP40.xmpuzzle,candidate,0.318
ThinkSticks_Allard_IPP40.xmpuzzle,candidate,0.276
ThinkSticks_Allard_IPP40.xmpuzzle,candidate,0.330
ThinkSticks_Allard_IPP40.xmpuzzle,candidate,0.297
ThinkSticks_Allard_IPP40.xmpuzzle,candidate,0.298
ThinkSticks_Allard_IPP40.xmpuzzle,candidate,0.287
b_box3.xmpuzzle,baseline,0.184
b_box3.xmpuzzle,baseline,0.179
b_box3.xmpuzzle,baseline,0.178
b_box3.xmpuzzle,baseline,0.186
b_box3.xmpuzzle,baseline,0.203
b_box3.xmpuzzle,baseline,0.210
b_box3.xmpuzzle,baseline,0.199
b_box3.xmpuzzle,baseline,0.198
b_box3.xmpuzzle,baseline,0.200
b_box3.xmpuzzle,baseline,0.181
b_box3.xmpuzzle,candidate,0.176
b_box3.xmpuzzle,candidate,0.186
b_box3.xmpuzzle,candidate,0.178
b_box3.xmpuzzle,candidate,0.178
b_box3.xmpuzzle,candidate,0.174
b_box3.xmpuzzle,candidate,0.177
b_box3.xmpuzzle,candidate,0.177
b_box3.xmpuzzle,candidate,0.179
b_box3.xmpuzzle,candidate,0.178
b_box3.xmpuzzle,candidate,0.178
be_box_deluxe2.xmpuzzle,baseline,56.765
be_box_deluxe2.xmpuzzle,baseline,56.602
be_box_deluxe2.xmpuzzle,baseline,57.054
be_box_deluxe2.xmpuzzle,baseline,56.738
be_box_deluxe2.xmpuzzle,baseline,56.259
be_box_deluxe2.xmpuzzle,baseline,56.694
be_box_deluxe2.xmpuzzle,baseline,56.890
be_box_deluxe2.xmpuzzle,baseline,56.827
be_box_deluxe2.xmpuzzle,baseline,56.651
be_box_deluxe2.xmpuzzle,baseline,56.825
be_box_deluxe2.xmpuzzle,candidate,57.082
be_box_deluxe2.xmpuzzle,candidate,57.404
be_box_deluxe2.xmpuzzle,candidate,56.985
be_box_deluxe2.xmpuzzle,candidate,56.592
be_box_deluxe2.xmpuzzle,candidate,56.279
be_box_deluxe2.xmpuzzle,candidate,56.771
be_box_deluxe2.xmpuzzle,candidate,56.756
be_box_deluxe2.xmpuzzle,candidate,56.903
be_box_deluxe2.xmpuzzle,candidate,56.887
be_box_deluxe2.xmpuzzle,candidate,56.684
b_box2.xmpuzzle,baseline,0.665
b_box2.xmpuzzle,baseline,0.668
b_box2.xmpuzzle,baseline,0.664
b_box2.xmpuzzle,baseline,0.668
b_box2.xmpuzzle,baseline,0.666
b_box2.xmpuzzle,baseline,0.675
b_box2.xmpuzzle,baseline,0.667
b_box2.xmpuzzle,baseline,0.669
b_box2.xmpuzzle,baseline,0.667
b_box2.xmpuzzle,baseline,0.686
b_box2.xmpuzzle,candidate,0.664
b_box2.xmpuzzle,candidate,0.669
b_box2.xmpuzzle,candidate,0.669
b_box2.xmpuzzle,candidate,0.669
b_box2.xmpuzzle,candidate,0.681
b_box2.xmpuzzle,candidate,0.666
b_box2.xmpuzzle,candidate,0.670
b_box2.xmpuzzle,candidate,0.667
b_box2.xmpuzzle,candidate,0.669
b_box2.xmpuzzle,candidate,0.669
FastMazes_all.xmpuzzle,baseline,136.160
FastMazes_all.xmpuzzle,baseline,136.622
FastMazes_all.xmpuzzle,baseline,137.189
FastMazes_all.xmpuzzle,baseline,136.527
FastMazes_all.xmpuzzle,baseline,136.152
FastMazes_all.xmpuzzle,baseline,136.229
FastMazes_all.xmpuzzle,baseline,136.002
FastMazes_all.xmpuzzle,baseline,137.374
FastMazes_all.xmpuzzle,baseline,135.634
FastMazes_all.xmpuzzle,baseline,137.792
FastMazes_all.xmpuzzle,candidate,136.237
FastMazes_all.xmpuzzle,candidate,135.818
FastMazes_all.xmpuzzle,candidate,136.646
FastMazes_all.xmpuzzle,candidate,137.271
FastMazes_all.xmpuzzle,candidate,137.150
FastMazes_all.xmpuzzle,candidate,135.138
FastMazes_all.xmpuzzle,candidate,137.366
FastMazes_all.xmpuzzle,candidate,136.181
FastMazes_all.xmpuzzle,candidate,137.951
FastMazes_all.xmpuzzle,candidate,136.176
puzzle2.xmpuzzle,baseline,0.011
puzzle2.xmpuzzle,baseline,0.018
puzzle2.xmpuzzle,baseline,0.032
puzzle2.xmpuzzle,baseline,0.034
puzzle2.xmpuzzle,baseline,0.036
puzzle2.xmpuzzle,baseline,0.035
puzzle2.xmpuzzle,baseline,0.035
puzzle2.xmpuzzle,baseline,0.035
puzzle2.xmpuzzle,baseline,0.037
puzzle2.xmpuzzle,baseline,0.036
puzzle2.xmpuzzle,candidate,0.037
puzzle2.xmpuzzle,candidate,0.036
puzzle2.xmpuzzle,candidate,0.037
puzzle2.xmpuzzle,candidate,0.036
puzzle2.xmpuzzle,candidate,0.037
puzzle2.xmpuzzle,candidate,0.037
puzzle2.xmpuzzle,candidate,0.010
puzzle2.xmpuzzle,candidate,0.017
puzzle2.xmpuzzle,candidate,0.033
puzzle2.xmpuzzle,candidate,0.019
power_tower_inf.xmpuzzle,baseline,29.526
power_tower_inf.xmpuzzle,baseline,29.545
power_tower_inf.xmpuzzle,baseline,29.768
power_tower_inf.xmpuzzle,baseline,29.626
power_tower_inf.xmpuzzle,baseline,29.547
power_tower_inf.xmpuzzle,baseline,29.401
power_tower_inf.xmpuzzle,baseline,29.424
power_tower_inf.xmpuzzle,baseline,29.416
power_tower_inf.xmpuzzle,baseline,29.395
power_tower_inf.xmpuzzle,baseline,29.310
power_tower_inf.xmpuzzle,candidate,29.325
power_tower_inf.xmpuzzle,candidate,29.443
power_tower_inf.xmpuzzle,candidate,29.451
power_tower_inf.xmpuzzle,candidate,29.618
power_tower_inf.xmpuzzle,candidate,29.536
power_tower_inf.xmpuzzle,candidate,29.526
power_tower_inf.xmpuzzle,candidate,29.305
power_tower_inf.xmpuzzle,candidate,29.339
power_tower_inf.xmpuzzle,candidate,29.223
power_tower_inf.xmpuzzle,candidate,29.802
LOG-ic_by_Nob_Yoshigahara.xmpuzzle,baseline,26.457
LOG-ic_by_Nob_Yoshigahara.xmpuzzle,baseline,26.943
LOG-ic_by_Nob_Yoshigahara.xmpuzzle,baseline,26.785
LOG-ic_by_Nob_Yoshigahara.xmpuzzle,baseline,26.601
LOG-ic_by_Nob_Yoshigahara.xmpuzzle,baseline,26.601
LOG-ic_by_Nob_Yoshigahara.xmpuzzle,baseline,26.894
LOG-ic_by_Nob_Yoshigahara.xmpuzzle,baseline,26.469
LOG-ic_by_Nob_Yoshigahara.xmpuzzle,baseline,27.004
LOG-ic_by_Nob_Yoshigahara.xmpuzzle,baseline,26.348
LOG-ic_by_Nob_Yoshigahara.xmpuzzle,baseline,26.499
LOG-ic_by_Nob_Yoshigahara.xmpuzzle,candidate,26.413
LOG-ic_by_Nob_Yoshigahara.xmpuzzle,candidate,26.810
LOG-ic_by_Nob_Yoshigahara.xmpuzzle,candidate,26.640
LOG-ic_by_Nob_Yoshigahara.xmpuzzle,candidate,27.001
LOG-ic_by_Nob_Yoshigahara.xmpuzzle,candidate,26.770
LOG-ic_by_Nob_Yoshigahara.xmpuzzle,candidate,26.681
LOG-ic_by_Nob_Yoshigahara.xmpuzzle,candidate,26.701
LOG-ic_by_Nob_Yoshigahara.xmpuzzle,candidate,26.593
LOG-ic_by_Nob_Yoshigahara.xmpuzzle,candidate,26.639
LOG-ic_by_Nob_Yoshigahara.xmpuzzle,candidate,26.533
66CubeImproved.xmpuzzle,baseline,2.223
66CubeImproved.xmpuzzle,baseline,2.138
66CubeImproved.xmpuzzle,baseline,2.239
66CubeImproved.xmpuzzle,baseline,2.285
66CubeImproved.xmpuzzle,baseline,2.239
66CubeImproved.xmpuzzle,baseline,2.157
66CubeImproved.xmpuzzle,baseline,2.236
66CubeImproved.xmpuzzle,baseline,2.221
66CubeImproved.xmpuzzle,baseline,2.222
66CubeImproved.xmpuzzle,baseline,2.244
66CubeImproved.xmpuzzle,candidate,2.278
66CubeImproved.xmpuzzle,candidate,2.252
66CubeImproved.xmpuzzle,candidate,2.193
66CubeImproved.xmpuzzle,candidate,2.211
66CubeImproved.xmpuzzle,candidate,2.226
66CubeImproved.xmpuzzle,candidate,2.255
66CubeImproved.xmpuzzle,candidate,2.179
66CubeImproved.xmpuzzle,candidate,2.163
66CubeImproved.xmpuzzle,candidate,2.249
66CubeImproved.xmpuzzle,candidate,2.223
Grooved_6_Board_burr7.xmpuzzle,baseline,0.587
Grooved_6_Board_burr7.xmpuzzle,baseline,0.585
Grooved_6_Board_burr7.xmpuzzle,baseline,0.586
Grooved_6_Board_burr7.xmpuzzle,baseline,0.593
Grooved_6_Board_burr7.xmpuzzle,baseline,0.582
Grooved_6_Board_burr7.xmpuzzle,baseline,0.583
Grooved_6_Board_burr7.xmpuzzle,baseline,0.610
Grooved_6_Board_burr7.xmpuzzle,baseline,0.600
Grooved_6_Board_burr7.xmpuzzle,baseline,0.591
Grooved_6_Board_burr7.xmpuzzle,baseline,0.604
Grooved_6_Board_burr7.xmpuzzle,candidate,0.637
Grooved_6_Board_burr7.xmpuzzle,candidate,0.602
Grooved_6_Board_burr7.xmpuzzle,candidate,0.625
Grooved_6_Board_burr7.xmpuzzle,candidate,0.605
Grooved_6_Board_burr7.xmpuzzle,candidate,0.600
Grooved_6_Board_burr7.xmpuzzle,candidate,0.595
Grooved_6_Board_burr7.xmpuzzle,candidate,0.623
Grooved_6_Board_burr7.xmpuzzle,candidate,0.606
Grooved_6_Board_burr7.xmpuzzle,candidate,0.609
Grooved_6_Board_burr7.xmpuzzle,candidate,0.589
Qantum_Entanglement.xmpuzzle,baseline,0.094
Qantum_Entanglement.xmpuzzle,baseline,0.094
Qantum_Entanglement.xmpuzzle,baseline,0.091
Qantum_Entanglement.xmpuzzle,baseline,0.092
Qantum_Entanglement.xmpuzzle,baseline,0.092
Qantum_Entanglement.xmpuzzle,baseline,0.092
Qantum_Entanglement.xmpuzzle,baseline,0.092
Qantum_Entanglement.xmpuzzle,baseline,0.091
Qantum_Entanglement.xmpuzzle,baseline,0.093
Qantum_Entanglement.xmpuzzle,baseline,0.091
Qantum_Entanglement.xmpuzzle,candidate,0.095
Qantum_Entanglement.xmpuzzle,candidate,0.098
Qantum_Entanglement.xmpuzzle,candidate,0.092
Qantum_Entanglement.xmpuzzle,candidate,0.093
Qantum_Entanglement.xmpuzzle,candidate,0.124
Qantum_Entanglement.xmpuzzle,candidate,0.105
Qantum_Entanglement.xmpuzzle,candidate,0.123
Qantum_Entanglement.xmpuzzle,candidate,0.096
Qantum_Entanglement.xmpuzzle,candidate,0.100
Qantum_Entanglement.xmpuzzle,candidate,0.107
7PieceCube.xmpuzzle,baseline,0.018
7PieceCube.xmpuzzle,baseline,0.022
7PieceCube.xmpuzzle,baseline,0.016
7PieceCube.xmpuzzle,baseline,0.016
7PieceCube.xmpuzzle,baseline,0.046
7PieceCube.xmpuzzle,baseline,0.049
7PieceCube.xmpuzzle,baseline,0.045
7PieceCube.xmpuzzle,baseline,0.017
7PieceCube.xmpuzzle,baseline,0.047
7PieceCube.xmpuzzle,baseline,0.048
7PieceCube.xmpuzzle,candidate,0.040
7PieceCube.xmpuzzle,candidate,0.047
7PieceCube.xmpuzzle,candidate,0.024
7PieceCube.xmpuzzle,candidate,0.047
7PieceCube.xmpuzzle,candidate,0.035
7PieceCube.xmpuzzle,candidate,0.019
7PieceCube.xmpuzzle,candidate,0.023
7PieceCube.xmpuzzle,candidate,0.044
7PieceCube.xmpuzzle,candidate,0.016
7PieceCube.xmpuzzle,candidate,0.049
6PieceCube.xmpuzzle,baseline,0.003
6PieceCube.xmpuzzle,baseline,0.015
6PieceCube.xmpuzzle,baseline,0.014
6PieceCube.xmpuzzle,baseline,0.015
6PieceCube.xmpuzzle,baseline,0.014
6PieceCube.xmpuzzle,baseline,0.015
6PieceCube.xmpuzzle,baseline,0.015
6PieceCube.xmpuzzle,baseline,0.015
6PieceCube.xmpuzzle,baseline,0.003
6PieceCube.xmpuzzle,baseline,0.004
6PieceCube.xmpuzzle,candidate,0.014
6PieceCube.xmpuzzle,candidate,0.015
6PieceCube.xmpuzzle,candidate,0.015
6PieceCube.xmpuzzle,candidate,0.014
6PieceCube.xmpuzzle,candidate,0.017
6PieceCube.xmpuzzle,candidate,0.017
6PieceCube.xmpuzzle,candidate,0.009
6PieceCube.xmpuzzle,candidate,0.015
6PieceCube.xmpuzzle,candidate,0.015
6PieceCube.xmpuzzle,candidate,0.017
Cubyful2.xmpuzzle,baseline,0.120
Cubyful2.xmpuzzle,baseline,0.108
Cubyful2.xmpuzzle,baseline,0.102
Cubyful2.xmpuzzle,baseline,0.093
Cubyful2.xmpuzzle,baseline,0.089
Cubyful2.xmpuzzle,baseline,0.088
Cubyful2.xmpuzzle,baseline,0.089
Cubyful2.xmpuzzle,baseline,0.106
Cubyful2.xmpuzzle,baseline,0.117
Cubyful2.xmpuzzle,baseline,0.123
Cubyful2.xmpuzzle,candidate,0.125
Cubyful2.xmpuzzle,candidate,0.106
Cubyful2.xmpuzzle,candidate,0.127
Cubyful2.xmpuzzle,candidate,0.096
Cubyful2.xmpuzzle,candidate,0.101
Cubyful2.xmpuzzle,candidate,0.100
Cubyful2.xmpuzzle,candidate,0.121
Cubyful2.xmpuzzle,candidate,0.098
Cubyful2.xmpuzzle,candidate,0.086
Cubyful2.xmpuzzle,candidate,0.088
BeBoxDeluxe.xmpuzzle,baseline,2.425
BeBoxDeluxe.xmpuzzle,baseline,2.434
BeBoxDeluxe.xmpuzzle,baseline,2.511
BeBoxDeluxe.xmpuzzle,baseline,2.450
BeBoxDeluxe.xmpuzzle,baseline,2.425
BeBoxDeluxe.xmpuzzle,baseline,2.444
BeBoxDeluxe.xmpuzzle,baseline,2.458
BeBoxDeluxe.xmpuzzle,baseline,2.455
BeBoxDeluxe.xmpuzzle,baseline,2.468
BeBoxDeluxe.xmpuzzle,baseline,2.504
BeBoxDeluxe.xmpuzzle,candidate,2.440
BeBoxDeluxe.xmpuzzle,candidate,2.430
BeBoxDeluxe.xmpuzzle,candidate,2.441
BeBoxDeluxe.xmpuzzle,candidate,2.440
BeBoxDeluxe.xmpuzzle,candidate,2.444
BeBoxDeluxe.xmpuzzle,candidate,2.504
BeBoxDeluxe.xmpuzzle,candidate,2.428
BeBoxDeluxe.xmpuzzle,candidate,2.490
BeBoxDeluxe.xmpuzzle,candidate,2.458
BeBoxDeluxe.xmpuzzle,candidate,2.441
alastor.xmpuzzle,baseline,0.060
alastor.xmpuzzle,baseline,0.060
alastor.xmpuzzle,baseline,0.064
alastor.xmpuzzle,baseline,0.071
alastor.xmpuzzle,baseline,0.060
alastor.xmpuzzle,baseline,0.060
alastor.xmpuzzle,baseline,0.061
alastor.xmpuzzle,baseline,0.072
alastor.xmpuzzle,baseline,0.059
alastor.xmpuzzle,baseline,0.060
alastor.xmpuzzle,candidate,0.066
alastor.xmpuzzle,candidate,0.057
alastor.xmpuzzle,candidate,0.072
alastor.xmpuzzle,candidate,0.060
alastor.xmpuzzle,candidate,0.074
alastor.xmpuzzle,candidate,0.070
alastor.xmpuzzle,candidate,0.060
alastor.xmpuzzle,candidate,0.057
alastor.xmpuzzle,candidate,0.083
alastor.xmpuzzle,candidate,0.059
StackedSticks.xmpuzzle,baseline,0.006
StackedSticks.xmpuzzle,baseline,0.006
StackedSticks.xmpuzzle,baseline,0.006
StackedSticks.xmpuzzle,baseline,0.006
StackedSticks.xmpuzzle,baseline,0.006
StackedSticks.xmpuzzle,baseline,0.006
StackedSticks.xmpuzzle,baseline,0.008
StackedSticks.xmpuzzle,baseline,0.007
StackedSticks.xmpuzzle,baseline,0.006
StackedSticks.xmpuzzle,baseline,0.006
StackedSticks.xmpuzzle,candidate,0.006
StackedSticks.xmpuzzle,candidate,0.001
StackedSticks.xmpuzzle,candidate,0.006
StackedSticks.xmpuzzle,candidate,0.002
StackedSticks.xmpuzzle,candidate,0.002
StackedSticks.xmpuzzle,candidate,0.006
StackedSticks.xmpuzzle,candidate,0.003
StackedSticks.xmpuzzle,candidate,0.006
StackedSticks.xmpuzzle,candidate,0.007
StackedSticks.xmpuzzle,candidate,0.003
Raft5.xmpuzzle,baseline,0.058
Raft5.xmpuzzle,baseline,0.057
Raft5.xmpuzzle,baseline,0.047
Raft5.xmpuzzle,baseline,0.027
Raft5.xmpuzzle,baseline,0.057
Raft5.xmpuzzle,baseline,0.045
Raft5.xmpuzzle,baseline,0.048
Raft5.xmpuzzle,baseline,0.048
Raft5.xmpuzzle,baseline,0.048
Raft5.xmpuzzle,baseline,0.029
Raft5.xmpuzzle,candidate,0.033
Raft5.xmpuzzle,candidate,0.060
Raft5.xmpuzzle,candidate,0.030
Raft5.xmpuzzle,candidate,0.044
Raft5.xmpuzzle,candidate,0.030
Raft5.xmpuzzle,candidate,0.034
Raft5.xmpuzzle,candidate,0.030
Raft5.xmpuzzle,candidate,0.028
Raft5.xmpuzzle,candidate,0.058
Raft5.xmpuzzle,candidate,0.047
2-wayCheckerCube.xmpuzzle,baseline,0.267
2-wayCheckerCube.xmpuzzle,baseline,0.254
2-wayCheckerCube.xmpuzzle,baseline,0.260
2-wayCheckerCube.xmpuzzle,baseline,0.254
2-wayCheckerCube.xmpuzzle,baseline,0.246
2-wayCheckerCube.xmpuzzle,baseline,0.254
2-wayCheckerCube.xmpuzzle,baseline,0.266
2-wayCheckerCube.xmpuzzle,baseline,0.258
2-wayCheckerCube.xmpuzzle,baseline,0.257
2-wayCheckerCube.xmpuzzle,baseline,0.281
2-wayCheckerCube.xmpuzzle,candidate,0.241
2-wayCheckerCube.xmpuzzle,candidate,0.269
2-wayCheckerCube.xmpuzzle,candidate,0.277
2-wayCheckerCube.xmpuzzle,candidate,0.252
2-wayCheckerCube.xmpuzzle,candidate,0.259
2-wayCheckerCube.xmpuzzle,candidate,0.246
2-wayCheckerCube.xmpuzzle,candidate,0.249
2-wayCheckerCube.xmpuzzle,candidate,0.260
2-wayCheckerCube.xmpuzzle,candidate,0.266
2-wayCheckerCube.xmpuzzle,candidate,0.262
AlmostThere.xmpuzzle,baseline,0
AlmostThere.xmpuzzle,baseline,0
AlmostThere.xmpuzzle,baseline,0.001
AlmostThere.xmpuzzle,baseline,0
AlmostThere.xmpuzzle,baseline,0.001
AlmostThere.xmpuzzle,baseline,0
AlmostThere.xmpuzzle,baseline,0
AlmostThere.xmpuzzle,baseline,0
AlmostThere.xmpuzzle,baseline,0
AlmostThere.xmpuzzle,baseline,0
AlmostThere.xmpuzzle,candidate,0
AlmostThere.xmpuzzle,candidate,0
AlmostThere.xmpuzzle,candidate,0
AlmostThere.xmpuzzle,candidate,0
AlmostThere.xmpuzzle,candidate,0
AlmostThere.xmpuzzle,candidate,0
AlmostThere.xmpuzzle,candidate,0
AlmostThere.xmpuzzle,candidate,0
AlmostThere.xmpuzzle,candidate,0
AlmostThere.xmpuzzle,candidate,0
trivial_sliding_puzzle.xmpuzzle,baseline,0.031
trivial_sliding_puzzle.xmpuzzle,baseline,0.030
trivial_sliding_puzzle.xmpuzzle,baseline,0.060
trivial_sliding_puzzle.xmpuzzle,baseline,0.056
trivial_sliding_puzzle.xmpuzzle,baseline,0.037
trivial_sliding_puzzle.xmpuzzle,baseline,0.031
trivial_sliding_puzzle.xmpuzzle,baseline,0.063
trivial_sliding_puzzle.xmpuzzle,baseline,0.044
trivial_sliding_puzzle.xmpuzzle,baseline,0.051
trivial_sliding_puzzle.xmpuzzle,baseline,0.058
trivial_sliding_puzzle.xmpuzzle,candidate,0.041
trivial_sliding_puzzle.xmpuzzle,candidate,0.043
trivial_sliding_puzzle.xmpuzzle,candidate,0.055
trivial_sliding_puzzle.xmpuzzle,candidate,0.033
trivial_sliding_puzzle.xmpuzzle,candidate,0.043
trivial_sliding_puzzle.xmpuzzle,candidate,0.039
trivial_sliding_puzzle.xmpuzzle,candidate,0.047
trivial_sliding_puzzle.xmpuzzle,candidate,0.043
trivial_sliding_puzzle.xmpuzzle,candidate,0.042
trivial_sliding_puzzle.xmpuzzle,candidate,0.063
Oblique-6.xmpuzzle,baseline,0.033
Oblique-6.xmpuzzle,baseline,0.044
Oblique-6.xmpuzzle,baseline,0.034
Oblique-6.xmpuzzle,baseline,0.044
Oblique-6.xmpuzzle,baseline,0.043
Oblique-6.xmpuzzle,baseline,0.060
Oblique-6.xmpuzzle,baseline,0.054
Oblique-6.xmpuzzle,baseline,0.033
Oblique-6.xmpuzzle,baseline,0.034
Oblique-6.xmpuzzle,baseline,0.063
Oblique-6.xmpuzzle,candidate,0.035
Oblique-6.xmpuzzle,candidate,0.035
Oblique-6.xmpuzzle,candidate,0.065
Oblique-6.xmpuzzle,candidate,0.033
Oblique-6.xmpuzzle,candidate,0.035
Oblique-6.xmpuzzle,candidate,0.035
Oblique-6.xmpuzzle,candidate,0.032
Oblique-6.xmpuzzle,candidate,0.032
Oblique-6.xmpuzzle,candidate,0.032
Oblique-6.xmpuzzle,candidate,0.033
eyckmans.gargamel.xmpuzzle,baseline,1.724
eyckmans.gargamel.xmpuzzle,baseline,1.723
eyckmans.gargamel.xmpuzzle,baseline,1.722
eyckmans.gargamel.xmpuzzle,baseline,1.723
eyckmans.gargamel.xmpuzzle,baseline,1.716
eyckmans.gargamel.xmpuzzle,baseline,1.760
eyckmans.gargamel.xmpuzzle,baseline,1.725
eyckmans.gargamel.xmpuzzle,baseline,1.723
eyckmans.gargamel.xmpuzzle,baseline,1.702
eyckmans.gargamel.xmpuzzle,baseline,1.689
eyckmans.gargamel.xmpuzzle,candidate,1.712
eyckmans.gargamel.xmpuzzle,candidate,1.723
eyckmans.gargamel.xmpuzzle,candidate,1.790
eyckmans.gargamel.xmpuzzle,candidate,1.699
eyckmans.gargamel.xmpuzzle,candidate,1.705
eyckmans.gargamel.xmpuzzle,candidate,1.707
eyckmans.gargamel.xmpuzzle,candidate,1.726
eyckmans.gargamel.xmpuzzle,candidate,1.701
eyckmans.gargamel.xmpuzzle,candidate,1.714
eyckmans.gargamel.xmpuzzle,candidate,1.749
StephanBaumeggar_ThorsHammer.xmpuzzle,baseline,0.029
StephanBaumeggar_ThorsHammer.xmpuzzle,baseline,0.030
StephanBaumeggar_ThorsHammer.xmpuzzle,baseline,0.050
StephanBaumeggar_ThorsHammer.xmpuzzle,baseline,0.035
StephanBaumeggar_ThorsHammer.xmpuzzle,baseline,0.028
StephanBaumeggar_ThorsHammer.xmpuzzle,baseline,0.035
StephanBaumeggar_ThorsHammer.xmpuzzle,baseline,0.029
StephanBaumeggar_ThorsHammer.xmpuzzle,baseline,0.028
StephanBaumeggar_ThorsHammer.xmpuzzle,baseline,0.058
StephanBaumeggar_ThorsHammer.xmpuzzle,baseline,0.061
StephanBaumeggar_ThorsHammer.xmpuzzle,candidate,0.059
StephanBaumeggar_ThorsHammer.xmpuzzle,candidate,0.035
StephanBaumeggar_ThorsHammer.xmpuzzle,candidate,0.072
StephanBaumeggar_ThorsHammer.xmpuzzle,candidate,0.049
StephanBaumeggar_ThorsHammer.xmpuzzle,candidate,0.058
StephanBaumeggar_ThorsHammer.xmpuzzle,candidate,0.029
StephanBaumeggar_ThorsHammer.xmpuzzle,candidate,0.040
StephanBaumeggar_ThorsHammer.xmpuzzle,candidate,0.058
StephanBaumeggar_ThorsHammer.xmpuzzle,candidate,0.028
StephanBaumeggar_ThorsHammer.xmpuzzle,candidate,0.060
Ekato.xmpuzzle,baseline,3.259
Ekato.xmpuzzle,baseline,3.243
Ekato.xmpuzzle,baseline,3.163
Ekato.xmpuzzle,baseline,3.172
Ekato.xmpuzzle,baseline,3.259
Ekato.xmpuzzle,baseline,3.176
Ekato.xmpuzzle,baseline,3.137
Ekato.xmpuzzle,baseline,3.163
Ekato.xmpuzzle,baseline,3.156
Ekato.xmpuzzle,baseline,3.155
Ekato.xmpuzzle,candidate,3.188
Ekato.xmpuzzle,candidate,3.187
Ekato.xmpuzzle,candidate,3.148
Ekato.xmpuzzle,candidate,3.152
Ekato.xmpuzzle,candidate,3.132
Ekato.xmpuzzle,candidate,3.161
Ekato.xmpuzzle,candidate,3.174
Ekato.xmpuzzle,candidate,3.146
Ekato.xmpuzzle,candidate,3.193
Ekato.xmpuzzle,candidate,3.161
